2d00,0,1
33dd,0,1
1bc4,0,1
2428,0,1
3ea7,0,1
21c4,0,1
312a,0,1
1ecb,0,1
4bb,0,1
8df,0,1
18ec,0,1
227,0,1
1f99,0,1
2c89,0,1
201d,0,1
123e,0,1
2d68,0,1
2c91,0,1
3637,0,1
1c0,0,1
23d0,0,1
1afc,0,1
174d,0,1
2b56,0,1
358f,0,1
265f,0,1
106b,0,1
ef5,0,1
3f0b,0,1
e80,0,1
1723,0,1
3518,0,1
49e,0,1
225c,0,1
35ac,0,1
8e1,0,1
129,0,1
2cbb,0,1
130f,0,1
2bec,0,1
1c5b,0,1
33ae,0,1
712,0,1
1906,0,1
1436,0,1
26a6,0,1
1145,0,1
14ed,0,1
fca,0,1
3119,0,1
360d,0,1
3a45,0,1
13c,0,1
22b6,0,1
136b,0,1
7e3,0,1
3e29,0,1
e4,0,1
2cc5,0,1
1fc4,0,1
1cb9,0,1
57f,0,1
32d2,0,1
2c,0,1
3c90,0,1
1764,0,1
f41,0,1
f2,0,1
6da,0,1
2e61,0,1
7e2,0,1
2f57,0,1
3144,0,1
2120,0,1
1f3,0,1
2854,0,1
2d35,0,1
1c94,0,1
12aa,0,1
1ba1,0,1
2417,0,1
739,0,1
181e,0,1
3cd5,0,1
2b5d,0,1
1b7d,0,1
22c5,0,1
1e3c,0,1
111b,0,1
68d,0,1
12b,0,1
2d4f,0,1
358a,0,1
36c5,0,1
37df,0,1
209a,0,1
dfe,0,1
e57,0,1
3508,0,1
3dcd,0,1
3081,0,1
1e5d,0,1
3e2d,0,1
100d,0,1
1e01,0,1
134c,0,1
3b4b,0,1
160c,0,1
1dfa,0,1
18aa,0,1
1921,0,1
16e0,0,1
22cc,0,1
21db,0,1
3e85,0,1
36b2,0,1
2230,0,1
2c48,0,1
138b,0,1
c91,0,1
9d9,0,1
3960,0,1
3c12,0,1
1aa9,0,1
34f7,0,1
3cbc,0,1
3651,0,1
aa0,0,1
2eab,0,1
177c,0,1
35ee,0,1
3a44,0,1
1786,0,1
30e6,0,1
10,0,1
1ba0,0,1
3318,0,1
6a9,0,1
e82,0,1
1782,0,1
7a,0,1
3913,0,1
10c2,0,1
1f3b,0,1
d79,0,1
3754,0,1
205c,0,1
23e6,0,1
1dfb,0,1
2261,0,1
15b0,0,1
2df5,0,1
f6f,0,1
2f58,0,1
34d7,0,1
416,0,1
1686,0,1
3abd,0,1
3213,0,1
2835,0,1
221e,0,1
1531,0,1
3f56,0,1
1ac4,0,1
129,0,1
c93,0,1
1ba,0,1
2300,0,1
c63,0,1
2de1,0,1
3d17,0,1
ff0,0,1
374,0,1
1503,0,1
3b1a,0,1
3fa,0,1
2d8c,0,1
3696,0,1
308c,0,1
ebf,0,1
15cd,0,1
2a96,0,1
1025,0,1
1061,0,1
2c25,0,1
585,0,1
2942,0,1
2497,0,1
10e,0,1
481,0,1
264f,0,1
2245,0,1
61b,0,1
275f,0,1
366d,0,1
15fe,0,1
9f3,0,1
faf,0,1
2f7,0,1
1930,0,1
638,0,1
28fc,0,1
719,0,1
2323,0,1
768,0,1
1f6d,0,1
339a,0,1
34ec,0,1
1399,0,1
35f3,0,1
128b,0,1
26b7,0,1
2a1e,0,1
3b74,0,1
1d76,0,1
1c49,0,1
1244,0,1
2d39,0,1
15db,0,1
276d,0,1
3873,0,1
344d,0,1
7be,0,1
908,0,1
28be,0,1
fbe,0,1
8e5,0,1
18aa,0,1
2142,0,1
f8c,0,1
2367,0,1
1f02,0,1
3294,0,1
4b8,0,1
36a6,0,1
2fb2,0,1
243b,0,1
3ad3,0,1
67,0,1
3657,0,1
2705,0,1
2262,0,1
2ea0,0,1
137d,0,1
2e66,0,1
2966,0,1
23d8,0,1
4ce,0,1
3fe6,0,1
1f71,0,1
1be0,0,1
3e46,0,1
3981,0,1
8ac,0,1
fdf,0,1
ffd,0,1
1ebd,0,1
28b0,0,1
1ea4,0,1
3db2,0,1
fbd,0,1
3236,0,1
34c2,0,1
3359,0,1
140f,0,1
3289,0,1
2dbd,0,1
356f,0,1
2635,0,1
2005,0,1
37f2,0,1
7d,0,1
1839,0,1
30e2,0,1
1dc,0,1
c0a,0,1
1644,0,1
169b,0,1
22d6,0,1
13c8,0,1
2e09,0,1
1a07,0,1
2716,0,1
1af6,0,1
2096,0,1
14a0,0,1
3eef,0,1
1e0,0,1
30c0,0,1
3788,0,1
15ae,0,1
1f35,0,1
91,0,1
2c5c,0,1
3e73,0,1
d35,0,1
2968,0,1
dd3,0,1
32e3,0,1
980,0,1
a7d,0,1
31f5,0,1
3567,0,1
1f58,0,1
740,0,1
3115,0,1
2fb0,0,1
29c5,0,1
19e0,0,1
3214,0,1
3257,0,1
3f0c,0,1
13d5,0,1
324c,0,1
46c,0,1
3bfd,0,1
3d7d,0,1
3a32,0,1
3301,0,1
194b,0,1
334d,0,1
3e2f,0,1
24d2,0,1
21f2,0,1
aa4,0,1
67e,0,1
704,0,1
30a8,0,1
3795,0,1
11ce,0,1
3e9b,0,1
172a,0,1
1de1,0,1
336b,0,1
38da,0,1
2446,0,1
36af,0,1
574,0,1
2838,0,1
45f,0,1
f60,0,1
171a,0,1
54,0,1
2f67,0,1
2100,0,1
d92,0,1
3d06,0,1
2cfd,0,1
318c,0,1
7f3,0,1
222d,0,1
372,0,1
153a,0,1
2376,0,1
f8d,0,1
1572,0,1
38e8,0,1
1c4f,0,1
ad,0,1
bd7,0,1
193a,0,1
4fc,0,1
20d1,0,1
34a9,0,1
1b16,0,1
191e,0,1
2a3a,0,1
8af,0,1
15ed,0,1
2e42,0,1
1a7b,0,1
d1e,0,1
2fea,0,1
11aa,0,1
114c,0,1
1ff3,0,1
330,0,1
392d,0,1
3498,0,1
3c90,0,1
1a09,0,1
a04,0,1
8ea,0,1
3629,0,1
2753,0,1
38d0,0,1
2f8e,0,1
1869,0,1
5a0,0,1
35df,0,1
266e,0,1
b75,0,1
34eb,0,1
2f29,0,1
2493,0,1
1c5d,0,1
17f7,0,1
2feb,0,1
210f,0,1
2842,0,1
1315,0,1
30cb,0,1
181b,0,1
3fd4,0,1
38e6,0,1
3344,0,1
2802,0,1
39eb,0,1
283e,0,1
18b2,0,1
514,0,1
2f,0,1
16c1,0,1
3a09,0,1
26d1,0,1
d5e,0,1
3610,0,1
34ae,0,1
2fcd,0,1
2134,0,1
31f5,0,1
80f,0,1
37e2,0,1
a36,0,1
1cf3,0,1
2ac7,0,1
2bec,0,1
b98,0,1
2002,0,1
2f36,0,1
7a4,0,1
38de,0,1
3ab2,0,1
c56,0,1
2f07,0,1
118d,0,1
2544,0,1
1cdf,0,1
330d,0,1
1cc7,0,1
17f6,0,1
1d32,0,1
372,0,1
3a54,0,1
7d7,0,1
2f,0,1
1f62,0,1
2331,0,1
94c,0,1
3b22,0,1
6d2,0,1
31d1,0,1
3b94,0,1
15e0,0,1
3a8e,0,1
19f2,0,1
1e67,0,1
39d7,0,1
18e8,0,1
3dbc,0,1
57,0,1
20a5,0,1
18b7,0,1
2476,0,1
ff5,0,1
316b,0,1
282b,0,1
3422,0,1
3381,0,1
84d,0,1
1d58,0,1
43f,0,1
3ca7,0,1
3205,0,1
25a7,0,1
1b8d,0,1
2787,0,1
1543,0,1
c67,0,1
1bed,0,1
29e3,0,1
2772,0,1
12c9,0,1
ebf,0,1
26f4,0,1
37cc,0,1
2fc6,0,1
10c1,0,1
3dbd,0,1
3eff,0,1
22f3,0,1
3185,0,1
31c,0,1
1459,0,1
27b0,0,1
2627,0,1
b39,0,1
2774,0,1
28ae,0,1
3cb7,0,1
389,0,1
1417,0,1
3d04,0,1
e31,0,1
35af,0,1
1069,0,1
17,0,1
3bc0,0,1
13c8,0,1
80f,0,1
964,0,1
dac,0,1
3984,0,1
850,0,1
1ecd,0,1
3789,0,1
3bb6,0,1
18f,0,1
2967,0,1
367f,0,1
2ca8,0,1
184a,0,1
1745,0,1
3a15,0,1
903,0,1
12bd,0,1
25d1,0,1
823,0,1
3abf,0,1
3114,0,1
3f02,0,1
698,0,1
1f4a,0,1
348b,0,1
6d8,0,1
3a32,0,1
19a,0,1
34d2,0,1
21ad,0,1
29d0,0,1
3f57,0,1
3680,0,1
20da,0,1
2076,0,1
972,0,1
3e6a,0,1
2537,0,1
35fd,0,1
3fc8,0,1
262e,0,1
1fec,0,1
3ef9,0,1
10f8,0,1
1567,0,1
1f67,0,1
f13,0,1
3fcb,0,1
4d5,0,1
3ae4,0,1
9f5,0,1
154e,0,1
16c7,0,1
21d1,0,1
3495,0,1
7c1,0,1
8c7,0,1
2338,0,1
1712,0,1
1f26,0,1
2dde,0,1
6fc,0,1
fde,0,1
3f57,0,1
475,0,1
1d78,0,1
31ab,0,1
8a,0,1
292f,0,1
1353,0,1
1ed6,0,1
1a27,0,1
2ab3,0,1
27d1,0,1
30b6,0,1
9de,0,1
1e93,0,1
1fd3,0,1
e74,0,1
301a,0,1
3b07,0,1
2de0,0,1
1f75,0,1
95a,0,1
334,0,1
86d,0,1
c6e,0,1
2018,0,1
37b1,0,1
15a2,0,1
2cb,0,1
20bb,0,1
3da6,0,1
2aa3,0,1
35d1,0,1
d41,0,1
1657,0,1
2971,0,1
15fd,0,1
aba,0,1
1f0b,0,1
36be,0,1
179f,0,1
2272,0,1
37a9,0,1
3343,0,1
2a39,0,1
3c2b,0,1
78,0,1
351,0,1
1b73,0,1
1158,0,1
1280,0,1
334b,0,1
2b89,0,1
2b1c,0,1
22f5,0,1
3e92,0,1
2c47,0,1
2b36,0,1
11eb,0,1
16f,0,1
385,0,1
f9e,0,1
347f,0,1
8bf,0,1
18b8,0,1
2da9,0,1
7b6,0,1
1f30,0,1
3719,0,1
3bcb,0,1
3a66,0,1
b2a,0,1
3d37,0,1
33d7,0,1
20c2,0,1
187d,0,1
1e35,0,1
1578,0,1
20ec,0,1
1dc5,0,1
17b4,0,1
86c,0,1
16ce,0,1
e25,0,1
3a6e,0,1
35f2,0,1
743,0,1
183e,0,1
39d4,0,1
1974,0,1
176e,0,1
29ae,0,1
ca4,0,1
427,0,1
2e84,0,1
172,0,1
130f,0,1
329f,0,1
3954,0,1
355f,0,1
e52,0,1
367f,0,1
1ba8,0,1
2f85,0,1
3f4f,0,1
2329,0,1
2097,0,1
3fa4,0,1
1c61,0,1
26c7,0,1
1fb8,0,1
cd7,0,1
3ab6,0,1
191d,0,1
3dbf,0,1
53,0,1
3ab5,0,1
3c50,0,1
2d46,0,1
a56,0,1
35e2,0,1
3680,0,1
aed,0,1
2c02,0,1
12,0,1
330e,0,1
393c,0,1
1775,0,1
f0a,0,1
3f08,0,1
3675,0,1
1f0b,0,1
35ce,0,1
35e6,0,1
253a,0,1
3259,0,1
1c6b,0,1
2c84,0,1
22e0,0,1
32f6,0,1
2f92,0,1
2752,0,1
3099,0,1
1cb,0,1
15f7,0,1
1006,0,1
2834,0,1
2ba8,0,1
3eee,0,1
2803,0,1
29e5,0,1
389,0,1
3ae5,0,1
173e,0,1
3734,0,1
ad6,0,1
9b,0,1
3c21,0,1
11c,0,1
292f,0,1
32ec,0,1
1b3d,0,1
24ee,0,1
1e8f,0,1
44b,0,1
3bf3,0,1
29ed,0,1
249d,0,1
942,0,1
252f,0,1
32a1,0,1
2dcd,0,1
1f66,0,1
1284,0,1
28b1,0,1
3667,0,1
3a60,0,1
7ba,0,1
fd9,0,1
33ae,0,1
c93,0,1
9d6,0,1
228c,0,1
3b2a,0,1
34fe,0,1
be,0,1
2886,0,1
3b4,0,1
6ff,0,1
65d,0,1
2aba,0,1
97e,0,1
3c42,0,1
3e42,0,1
2949,0,1
292d,0,1
d11,0,1
ebe,0,1
bcd,0,1
14c8,0,1
1ce8,0,1
2dfb,0,1
28e7,0,1
1bb8,0,1
a1a,0,1
23f2,0,1
2,0,1
26f5,0,1
23eb,0,1
2314,0,1
3f10,0,1
3e73,0,1
fc2,0,1
2a43,0,1
1ad9,0,1
3c1b,0,1
3859,0,1
1392,0,1
2796,0,1
2754,0,1
20f7,0,1
36dc,0,1
797,0,1
24ad,0,1
1566,0,1
2ee,0,1
388f,0,1
2f5f,0,1
d49,0,1
2734,0,1
3a6d,0,1
1426,0,1
1e03,0,1
3861,0,1
3cfd,0,1
3f0c,0,1
1179,0,1
15c3,0,1
af2,0,1
3c59,0,1
1561,0,1
193c,0,1
3ac9,0,1
36ec,0,1
edd,0,1
11f9,0,1
3633,0,1
3051,0,1
14c9,0,1
d1a,0,1
4fc,0,1
4d7,0,1
142e,0,1
378b,0,1
27f6,0,1
3045,0,1
30de,0,1
33a2,0,1
c95,0,1
1957,0,1
3eb2,0,1
32ca,0,1
4f4,0,1
8eb,0,1
27af,0,1
363b,0,1
fd0,0,1
4c8,0,1
15a3,0,1
ec4,0,1
c6a,0,1
cff,0,1
3d1d,0,1
18a7,0,1
fbe,0,1
2264,0,1
22de,0,1
1332,0,1
f79,0,1
14b6,0,1
2496,0,1
3f4c,0,1
8d7,0,1
384b,0,1
1e43,0,1
3a7b,0,1
2019,0,1
2574,0,1
21ac,0,1
632,0,1
3f80,0,1
1d32,0,1
1357,0,1
1731,0,1
3990,0,1
2030,0,1
1e01,0,1
48f,0,1
2e1c,0,1
187e,0,1
224b,0,1
712,0,1
303,0,1
30c4,0,1
3452,0,1
b79,0,1
ac3,0,1
233a,0,1
9c,0,1
44b,0,1
30f9,0,1
1831,0,1
3fef,0,1
c48,0,1
3026,0,1
1ecb,0,1
2905,0,1
1cf,0,1
7e5,0,1
1c0b,0,1
98e,0,1
14c4,0,1
2e38,0,1
2ca4,0,1
1123,0,1
2866,0,1
460,0,1
3024,0,1
2e55,0,1
2eaa,0,1
17db,0,1
2ac1,0,1
2c6d,0,1
3c6b,0,1
34ee,0,1
3b19,0,1
2c6b,0,1
18aa,0,1
3e18,0,1
1fc2,0,1
290e,0,1
3d48,0,1
1bc3,0,1
2820,0,1
c1c,0,1
806,0,1
2cb4,0,1
2f03,0,1
fd1,0,1
237a,0,1
2622,0,1
327,0,1
1ddd,0,1
8bf,0,1
1413,0,1
1781,0,1
3619,0,1
213e,0,1
2595,0,1
337b,0,1
3a5a,0,1
36f,0,1
d2,0,1
39bb,0,1
3230,0,1
2db3,0,1
9df,0,1
3cf6,0,1
2294,0,1
1928,0,1
1559,0,1
2d,0,1
bac,0,1
1767,0,1
37a0,0,1
142f,0,1
de5,0,1
15a6,0,1
37cf,0,1
1c34,0,1
10ad,0,1
11d8,0,1
fc0,0,1
3f97,0,1
23f6,0,1
3274,0,1
8a2,0,1
a32,0,1
4ef,0,1
3408,0,1
693,0,1
39e7,0,1
1f5b,0,1
ae3,0,1
eae,0,1
2f30,0,1
162a,0,1
15dd,0,1
2212,0,1
1b5b,0,1
1401,0,1
83c,0,1
2ab1,0,1
12ee,0,1
2c2b,0,1
1222,0,1
3c89,0,1
308a,0,1
1587,0,1
472,0,1
1516,0,1
3ba5,0,1
b95,0,1
2b3d,0,1
2832,0,1
1ee7,0,1
1b47,0,1
12e4,0,1
1e68,0,1
205,0,1
355e,0,1
48b,0,1
2505,0,1
3264,0,1
dd6,0,1
92b,0,1
1fc2,0,1
3801,0,1
1dce,0,1
4e9,0,1
3738,0,1
1888,0,1
31d3,0,1
1c1c,0,1
1eb2,0,1
341b,0,1
db1,0,1
3a63,0,1
30e1,0,1
2bd9,0,1
387f,0,1
1711,0,1
3cc6,0,1
e7f,0,1
ef7,0,1
3257,0,1
7fd,0,1
19b4,0,1
3541,0,1
2f2a,0,1
2791,0,1
3336,0,1
3bb8,0,1
2c12,0,1
159c,0,1
358d,0,1
22d8,0,1
1c2b,0,1
2a4e,0,1
2991,0,1
19d3,0,1
fb0,0,1
17a2,0,1
978,0,1
2a35,0,1
2df0,0,1
90b,0,1
2c8d,0,1
2b58,0,1
142,0,1
35a5,0,1
3e46,0,1
18d2,0,1
2ce8,0,1
688,0,1
340e,0,1
28d7,0,1
1e3,0,1
129e,0,1
17d6,0,1
37cb,0,1
15f6,0,1
82b,0,1
32,0,1
32ee,0,1
104,0,1
a8f,0,1
2732,0,1
e09,0,1
70,0,1
211a,0,1
2e9c,0,1
c71,0,1
6d6,0,1
3592,0,1
a15,0,1
16ce,0,1
2d63,0,1
2a7c,0,1
3af4,0,1
31fe,0,1
2f88,0,1
1f74,0,1
3b02,0,1
2f7d,0,1
3800,0,1
1d97,0,1
147,0,1
f14,0,1
398a,0,1
bf4,0,1
fe,0,1
3b82,0,1
39c0,0,1
3599,0,1
2759,0,1
3a71,0,1
14c8,0,1
ce7,0,1
2d75,0,1
20cc,0,1
3578,0,1
3850,0,1
1cfa,0,1
3c5a,0,1
2cfc,0,1
36b2,0,1
1045,0,1
2257,0,1
a3f,0,1
2ea,0,1
105,0,1
820,0,1
147f,0,1
2350,0,1
388b,0,1
2250,0,1
3df8,0,1
5ff,0,1
bd1,0,1
361c,0,1
1a1b,0,1
3dd9,0,1
e5c,0,1
2ab5,0,1
2ec3,0,1
3b69,0,1
1175,0,1
13e5,0,1
3466,0,1
3c13,0,1
a36,0,1
7c7,0,1
14f3,0,1
3e7c,0,1
60c,0,1
2b65,0,1
3986,0,1
2c75,0,1
2dfc,0,1
32d3,0,1
15e1,0,1
1577,0,1
3af7,0,1
3069,0,1
266d,0,1
2883,0,1
9bf,0,1
2ab3,0,1
215,0,1
377f,0,1
103f,0,1
1ec7,0,1
39b4,0,1
288f,0,1
25c1,0,1
1886,0,1
e09,0,1
3748,0,1
3ed,0,1
3fa5,0,1
137b,0,1
27d2,0,1
3b0d,0,1
1e86,0,1
3e88,0,1
a65,0,1
1126,0,1
22e,0,1
27b5,0,1
2f76,0,1
233c,0,1
2ee7,0,1
3b0d,0,1
3b01,0,1
380d,0,1
165f,0,1
38e2,0,1
cee,0,1
2d6a,0,1
1afe,0,1
2309,0,1
75b,0,1
2535,0,1
12fe,0,1
11af,0,1
2a8,0,1
1244,0,1
1983,0,1
3143,0,1
161b,0,1
f6f,0,1
21f2,0,1
2e57,0,1
24d8,0,1
f86,0,1
338d,0,1
4c1,0,1
6b5,0,1
3a80,0,1
bea,0,1
3900,0,1
2c91,0,1
3493,0,1
16b1,0,1
1920,0,1
282,0,1
3df8,0,1
1f30,0,1
372e,0,1
2af4,0,1
1725,0,1
3ceb,0,1
2d59,0,1
506,0,1
6e0,0,1
2e39,0,1
270d,0,1
436,0,1
912,0,1
a86,0,1
3b87,0,1
3926,0,1
176f,0,1
f99,0,1
75a,0,1
23f5,0,1
2b2e,0,1
3e7d,0,1
3e9e,0,1
3088,0,1
23e7,0,1
1c14,0,1
3861,0,1
38a2,0,1
a7c,0,1
36f7,0,1
309c,0,1
311e,0,1
3c43,0,1
84a,0,1
36cb,0,1
2a7,0,1
165a,0,1
666,0,1
267,0,1
1ffb,0,1
a56,0,1
2a4d,0,1
1a88,0,1
1d9b,0,1
183a,0,1
bbd,0,1
1d46,0,1
ab0,0,1
2f03,0,1
2f7f,0,1
c9b,0,1
3688,0,1
3383,0,1
160f,0,1
3a03,0,1
38ef,0,1
33fa,0,1
e0d,0,1
20e2,0,1
16f1,0,1
dc7,0,1
2d43,0,1
33ba,0,1
3e8c,0,1
fc,0,1
1f0f,0,1
33e,0,1
3b58,0,1
8fd,0,1
1fc3,0,1
3d6c,0,1
e52,0,1
1abd,0,1
178a,0,1
abd,0,1
1da3,0,1
3c07,0,1
2f7d,0,1
146d,0,1
2b18,0,1
395c,0,1
8a3,0,1
cc7,0,1
3bb8,0,1
3129,0,1
f96,0,1
2ae9,0,1
3b28,0,1
3bb6,0,1
2b4b,0,1
626,0,1
34b1,0,1
11c0,0,1
217d,0,1
25c7,0,1
2d19,0,1
10ff,0,1
16c,0,1
40f,0,1
188d,0,1
1ae9,0,1
9c8,0,1
3f8e,0,1
1953,0,1
37a3,0,1
a01,0,1
2746,0,1
1c0,0,1
50f,0,1
b24,0,1
2f5c,0,1
2764,0,1
1f1c,0,1
3afe,0,1
12fd,0,1
3f59,0,1
1a55,0,1
326,0,1
2dc9,0,1
1d3,0,1
2d3d,0,1
42f,0,1
12e1,0,1
2c92,0,1
3dd,0,1
a4f,0,1
1f76,0,1
fd7,0,1
1256,0,1
8e8,0,1
25c2,0,1
35b8,0,1
31cb,0,1
3da5,0,1
1c5e,0,1
84b,0,1
97d,0,1
173,0,1
139f,0,1
3903,0,1
4ef,0,1
1731,0,1
8df,0,1
38cb,0,1
3b4c,0,1
afb,0,1
1dc9,0,1
98,0,1
1204,0,1
3dc4,0,1
2e74,0,1
1ee1,0,1
1d18,0,1
2be9,0,1
155e,0,1
1f8f,0,1
112d,0,1
2d4c,0,1
2a5,0,1
20c7,0,1
2840,0,1
285b,0,1
34e9,0,1
2360,0,1
7fd,0,1
2851,0,1
2173,0,1
160c,0,1
18b2,0,1
31c0,0,1
3203,0,1
1493,0,1
1a99,0,1
10e5,0,1
1ae2,0,1
29cf,0,1
2215,0,1
2ce0,0,1
23ab,0,1
3dc2,0,1
13c1,0,1
2ac5,0,1
9d2,0,1
149d,0,1
299,0,1
898,0,1
36b0,0,1
3568,0,1
2484,0,1
246e,0,1
7f0,0,1
39ff,0,1
3674,0,1
36c7,0,1
30e3,0,1
ca3,0,1
2e44,0,1
c07,0,1
f99,0,1
fc5,0,1
3f0c,0,1
3f40,0,1
247f,0,1
2fc3,0,1
298d,0,1
2292,0,1
3a86,0,1
2e9c,0,1
3aca,0,1
a0f,0,1
21a2,0,1
38e0,0,1
9e2,0,1
19d1,0,1
78d,0,1
41a,0,1
512,0,1
2e85,0,1
8f8,0,1
1508,0,1
25a8,0,1
99d,0,1
b74,0,1
3acd,0,1
aec,0,1
16c8,0,1
2ba4,0,1
2d33,0,1
355,0,1
13aa,0,1
3e2f,0,1
b47,0,1
c3a,0,1
2ff9,0,1
29f1,0,1
1bb9,0,1
6c5,0,1
2e6c,0,1
1f11,0,1
1fb7,0,1
1f29,0,1
1b89,0,1
32ff,0,1
16d2,0,1
de4,0,1
19b1,0,1
1db3,0,1
303f,0,1
1c82,0,1
35ec,0,1
1655,0,1
22c8,0,1
15f1,0,1
1c26,0,1
28f2,0,1
1fe7,0,1
1aa5,0,1
189,0,1
3e19,0,1
26c2,0,1
1e2,0,1
16e1,0,1
11fa,0,1
1911,0,1
1191,0,1
2435,0,1
3cc7,0,1
3d0d,0,1
e60,0,1
3422,0,1
1f60,0,1
27b,0,1
3703,0,1
1607,0,1
1f88,0,1
2375,0,1
2cf6,0,1
3ee,0,1
1145,0,1
13d1,0,1
102,0,1
7a4,0,1
159,0,1
b1c,0,1
2cee,0,1
265c,0,1
904,0,1
26c1,0,1
1138,0,1
25a8,0,1
1322,0,1
37bc,0,1
145b,0,1
168a,0,1
2afc,0,1
302f,0,1
3b71,0,1
61e,0,1
d17,0,1
3f34,0,1
3532,0,1
162,0,1
24b2,0,1
5c4,0,1
3d65,0,1
2f9c,0,1
ce2,0,1
3989,0,1
117,0,1
1e6c,0,1
6c7,0,1
1cc2,0,1
2512,0,1
13e7,0,1
2bc5,0,1
e8b,0,1
69b,0,1
1d33,0,1
3bcb,0,1
2528,0,1
3bbb,0,1
3b38,0,1
3a17,0,1
21b1,0,1
f96,0,1
1491,0,1
180e,0,1
1450,0,1
32d1,0,1
3454,0,1
1533,0,1
26ec,0,1
3419,0,1
2a96,0,1
20f1,0,1
254a,0,1
1d03,0,1
1030,0,1
3fe4,0,1
3e09,0,1
22f1,0,1
263a,0,1
9c7,0,1
330f,0,1
83c,0,1
1463,0,1
20e0,0,1
3656,0,1
971,0,1
54f,0,1
2351,0,1
2862,0,1
144b,0,1
1a24,0,1
2b2c,0,1
b27,0,1
32b2,0,1
1f33,0,1
3b51,0,1
7eb,0,1
209b,0,1
3bcb,0,1
2a04,0,1
2d88,0,1
2169,0,1
1479,0,1
2490,0,1
3e8b,0,1
2a55,0,1
2ccc,0,1
1cfd,0,1
3d60,0,1
1fce,0,1
2ca5,0,1
36a8,0,1
3c5e,0,1
28be,0,1
1c9,0,1
3783,0,1
3611,0,1
311a,0,1
3f77,0,1
b77,0,1
3900,0,1
15c9,0,1
2d70,0,1
2ac4,0,1
147,0,1
1985,0,1
33c4,0,1
2047,0,1
3364,0,1
2982,0,1
265c,0,1
2070,0,1
19c,0,1
3cb5,0,1
1e67,0,1
cec,0,1
1eb1,0,1
2895,0,1
1c2e,0,1
1180,0,1
20f,0,1
c9c,0,1
1cab,0,1
37d7,0,1
505,0,1
1b51,0,1
280,0,1
24b1,0,1
19c3,0,1
1fa0,0,1
1ee2,0,1
259b,0,1
2935,0,1
1e15,0,1
3f97,0,1
3c7c,0,1
1e0b,0,1
136,0,1
374e,0,1
3bb6,0,1
178a,0,1
314a,0,1
1615,0,1
2831,0,1
39f4,0,1
1381,0,1
235b,0,1
df4,0,1
2eea,0,1
e11,0,1
1f46,0,1
3230,0,1
31a1,0,1
3f3,0,1
2b40,0,1
239e,0,1
66c,0,1
106d,0,1
1169,0,1
b80,0,1
35d0,0,1
1c35,0,1
d91,0,1
8d2,0,1
3df1,0,1
5c8,0,1
3f0b,0,1
ce6,0,1
3f4e,0,1
5e3,0,1
6c4,0,1
15d4,0,1
34c8,0,1
6c3,0,1
10c9,0,1
310a,0,1
1de,0,1
3c27,0,1
1938,0,1
2e40,0,1
4b6,0,1
20ca,0,1
31b0,0,1
94e,0,1
1a87,0,1
e87,0,1
14fe,0,1
254a,0,1
2b0e,0,1
1ef7,0,1
1113,0,1
2e38,0,1
d13,0,1
1397,0,1
327e,0,1
138,0,1
3570,0,1
ab7,0,1
1ba,0,1
305d,0,1
2e74,0,1
3a,0,1
367e,0,1
848,0,1
3282,0,1
3f27,0,1
19a2,0,1
3706,0,1
3b33,0,1
81,0,1
2fc6,0,1
350e,0,1
2b39,0,1
356a,0,1
3368,0,1
2142,0,1
59c,0,1
3a17,0,1
36d0,0,1
467,0,1
e32,0,1
190d,0,1
1ed0,0,1
2f4a,0,1
2f80,0,1
fed,0,1
996,0,1
34b1,0,1
57c,0,1
2b46,0,1
1428,0,1
342a,0,1
256f,0,1
1edc,0,1
3f75,0,1
3461,0,1
360c,0,1
2c60,0,1
3d61,0,1
3556,0,1
2d0f,0,1
1815,0,1
1349,0,1
42d,0,1
2d67,0,1
2c59,0,1
1e5a,0,1
1ca7,0,1
9a3,0,1
3ca2,0,1
39ba,0,1
38d7,0,1
c08,0,1
fb0,0,1
3edc,0,1
10,0,1
1f2d,0,1
1d28,0,1
3c43,0,1
3812,0,1
10b9,0,1
b2f,0,1
ff2,0,1
2939,0,1
35f6,0,1
3b9b,0,1
37c1,0,1
6a4,0,1
2767,0,1
21bb,0,1
34c9,0,1
67c,0,1
19ed,0,1
1612,0,1
3819,0,1
36ab,0,1
3ff7,0,1
8da,0,1
31dc,0,1
11fa,0,1
32a4,0,1
2338,0,1
2632,0,1
37fa,0,1
3bda,0,1
3e,0,1
3381,0,1
16a7,0,1
1c7d,0,1
3b46,0,1
26eb,0,1
3dd,0,1
189e,0,1
2c1b,0,1
38a4,0,1
266b,0,1
571,0,1
1612,0,1
1699,0,1
3f9,0,1
1344,0,1
198c,0,1
2917,0,1
383d,0,1
2b9a,0,1
162b,0,1
41b,0,1
3fdf,0,1
a82,0,1
2e74,0,1
3bef,0,1
116f,0,1
6ec,0,1
11bd,0,1
3507,0,1
28a7,0,1
2557,0,1
1008,0,1
18e,0,1
3363,0,1
23f0,0,1
991,0,1
1edb,0,1
10c5,0,1
1387,0,1
246f,0,1
103a,0,1
2718,0,1
17a2,0,1
2b72,0,1
12fa,0,1
51d,0,1
35e0,0,1
18e0,0,1
3084,0,1
29fb,0,1
271f,0,1
3316,0,1
1d7,0,1
451,0,1
b15,0,1
3c19,0,1
2a7d,0,1
b2b,0,1
1027,0,1
7ed,0,1
2e2d,0,1
382b,0,1
ac9,0,1
19cc,0,1
23e9,0,1
1fa8,0,1
1171,0,1
89e,0,1
1596,0,1
1387,0,1
1fa1,0,1
324d,0,1
2c57,0,1
166a,0,1
22c4,0,1
345c,0,1
359a,0,1
1c46,0,1
29c4,0,1
4d9,0,1
edc,0,1
3f2f,0,1
1568,0,1
37a5,0,1
d47,0,1
732,0,1
1b14,0,1
1585,0,1
10f4,0,1
235a,0,1
1ec1,0,1
3126,0,1
7a3,0,1
3557,0,1
69c,0,1
99c,0,1
498,0,1
2361,0,1
2536,0,1
f89,0,1
3874,0,1
924,0,1
2f24,0,1
1794,0,1
3d6a,0,1
39e0,0,1
1716,0,1
e0b,0,1
825,0,1
4de,0,1
1e73,0,1
12e2,0,1
ac9,0,1
2944,0,1
4ef,0,1
1736,0,1
5e2,0,1
38d8,0,1
29aa,0,1
294c,0,1
244d,0,1
c02,0,1
3ea4,0,1
315a,0,1
f70,0,1
a6b,0,1
3793,0,1
1311,0,1
1a7c,0,1
2cf0,0,1
365a,0,1
111,0,1
3b64,0,1
3bab,0,1
12b3,0,1
1b03,0,1
3fea,0,1
280c,0,1
ef1,0,1
bb3,0,1
16cf,0,1
2187,0,1
e94,0,1
1924,0,1
3073,0,1
2c76,0,1
1a6f,0,1
2040,0,1
3a9c,0,1
33fa,0,1
223b,0,1
18aa,0,1
241,0,1
2559,0,1
fca,0,1
de6,0,1
3f46,0,1
168,0,1
958,0,1
16e1,0,1
21ae,0,1
12ed,0,1
3d3b,0,1
3fad,0,1
3554,0,1
37df,0,1
3f94,0,1
62d,0,1
1c1e,0,1
1adf,0,1
f56,0,1
ab,0,1
343b,0,1
255c,0,1
2bea,0,1
1646,0,1
20ac,0,1
d40,0,1
2f38,0,1
2ce0,0,1
2478,0,1
35ea,0,1
2779,0,1
ceb,0,1
333d,0,1
1ed1,0,1
49d,0,1
34a0,0,1
3f2b,0,1
2eb8,0,1
6f8,0,1
2e7b,0,1
2427,0,1
3ef9,0,1
1424,0,1
1a7d,0,1
3089,0,1
3d79,0,1
5e4,0,1
4ad,0,1
2c6a,0,1
1db7,0,1
882,0,1
3d85,0,1
2030,0,1
27d3,0,1
219e,0,1
779,0,1
36d0,0,1
2bcc,0,1
c3a,0,1
6a2,0,1
246b,0,1
c11,0,1
1e6c,0,1
2179,0,1
3c54,0,1
312b,0,1
2a26,0,1
1e95,0,1
1ef2,0,1
3ad4,0,1
3fb9,0,1
3eec,0,1
18da,0,1
3f7c,0,1
eaa,0,1
606,0,1
1d35,0,1
354f,0,1
3e7b,0,1
3ff7,0,1
cdb,0,1
391d,0,1
33b5,0,1
3678,0,1
3370,0,1
3fe7,0,1
2be5,0,1
38a9,0,1
3f81,0,1
20c6,0,1
bd,0,1
22c2,0,1
223b,0,1
3f12,0,1
1f80,0,1
1c83,0,1
197a,0,1
2d10,0,1
3891,0,1
2e5a,0,1
1f4e,0,1
3a8b,0,1
3f58,0,1
1d5,0,1
a84,0,1
467,0,1
74c,0,1
3b6a,0,1
895,0,1
267f,0,1
30e7,0,1
1235,0,1
240f,0,1
3197,0,1
3e64,0,1
23ae,0,1
26b3,0,1
659,0,1
156,0,1
336a,0,1
1690,0,1
1dd3,0,1
26de,0,1
3114,0,1
27f4,0,1
2a9,0,1
d44,0,1
11f8,0,1
954,0,1
3840,0,1
10a7,0,1
2f50,0,1
3539,0,1
958,0,1
b82,0,1
18f7,0,1
3f23,0,1
3feb,0,1
3688,0,1
3c1a,0,1
165f,0,1
3f0a,0,1
bec,0,1
1d28,0,1
76d,0,1
2ceb,0,1
27d5,0,1
33e2,0,1
3ca,0,1
322b,0,1
f5d,0,1
2763,0,1
12c3,0,1
8b4,0,1
36c2,0,1
5c,0,1
1f6c,0,1
14c2,0,1
2b43,0,1
24ac,0,1
1acb,0,1
1297,0,1
1978,0,1
28b3,0,1
3982,0,1
3310,0,1
20a,0,1
2ab1,0,1
362c,0,1
20bf,0,1
13aa,0,1
501,0,1
bf3,0,1
307c,0,1
426,0,1
3dc0,0,1
2c71,0,1
1db3,0,1
2514,0,1
2845,0,1
33fe,0,1
1cf3,0,1
2d40,0,1
269,0,1
11c0,0,1
232e,0,1
1a7b,0,1
3c4c,0,1
21b3,0,1
97d,0,1
e16,0,1
3665,0,1
21d4,0,1
32be,0,1
bca,0,1
c24,0,1
1922,0,1
1560,0,1
7ec,0,1
46a,0,1
cb1,0,1
39b3,0,1
3e33,0,1
171a,0,1
2a25,0,1
3959,0,1
18d4,0,1
15b1,0,1
2af6,0,1
104b,0,1
375b,0,1
283b,0,1
1037,0,1
27c3,0,1
d7c,0,1
7de,0,1
35c5,0,1
24cc,0,1
350a,0,1
1378,0,1
1fc,0,1
35f6,0,1
29f6,0,1
14e7,0,1
35dd,0,1
147c,0,1
11b8,0,1
200e,0,1
33cb,0,1
848,0,1
124b,0,1
82a,0,1
3ebf,0,1
1813,0,1
31e5,0,1
3e18,0,1
35c5,0,1
337a,0,1
a6f,0,1
1b3b,0,1
163,0,1
1d27,0,1
640,0,1
1c55,0,1
bc1,0,1
1b65,0,1
1f36,0,1
2f7a,0,1
32eb,0,1
2398,0,1
2c4c,0,1
3d68,0,1
10b,0,1
10c0,0,1
162a,0,1
3dc6,0,1
165,0,1
2562,0,1
36d3,0,1
1c77,0,1
2ad0,0,1
31f0,0,1
1f96,0,1
1eb4,0,1
3b35,0,1
834,0,1
39c5,0,1
ee3,0,1
ac8,0,1
1082,0,1
1bef,0,1
3f13,0,1
de5,0,1
29ea,0,1
2e5f,0,1
fc8,0,1
3f0d,0,1
9c3,0,1
25fa,0,1
10f1,0,1
291e,0,1
3470,0,1
237,0,1
27f5,0,1
b13,0,1
2b4d,0,1
e3f,0,1
197f,0,1
2c2b,0,1
3e1a,0,1
22ef,0,1
c4c,0,1
2158,0,1
14c7,0,1
e5d,0,1
34c1,0,1
2ce4,0,1
3f3a,0,1
192b,0,1
2264,0,1
1f7c,0,1
c5d,0,1
fa1,0,1
339f,0,1
3541,0,1
8cd,0,1
3ae5,0,1
34c1,0,1
2033,0,1
1745,0,1
36b3,0,1
258,0,1
2416,0,1
28de,0,1
ea2,0,1
9e4,0,1
3c1,0,1
1ca,0,1
2400,0,1
30ff,0,1
1acb,0,1
188b,0,1
1caf,0,1
1808,0,1
21d3,0,1
2c3f,0,1
397f,0,1
1fd,0,1
173e,0,1
106c,0,1
2370,0,1
3247,0,1
1033,0,1
248a,0,1
adb,0,1
33f6,0,1
454,0,1
259,0,1
6bb,0,1
1200,0,1
2d26,0,1
2892,0,1
1b05,0,1
13fe,0,1
3a1f,0,1
d71,0,1
2c20,0,1
17b6,0,1
39ea,0,1
1b22,0,1
1b99,0,1
3d99,0,1
1874,0,1
178f,0,1
868,0,1
38cf,0,1
2fd3,0,1
3513,0,1
1db5,0,1
3a63,0,1
1e0d,0,1
2519,0,1
c68,0,1
37a,0,1
b4a,0,1
1273,0,1
1f3,0,1
2239,0,1
2af2,0,1
f28,0,1
20e1,0,1
2a45,0,1
2e89,0,1
3a93,0,1
2469,0,1
39e4,0,1
4d9,0,1
28dd,0,1
1e21,0,1
25cb,0,1
2caf,0,1
323c,0,1
2b0c,0,1
3514,0,1
a53,0,1
356e,0,1
1a9f,0,1
2270,0,1
2a97,0,1
129e,0,1
17b4,0,1
49b,0,1
3303,0,1
a4b,0,1
2210,0,1
3d54,0,1
1258,0,1
16f3,0,1
1e6c,0,1
3137,0,1
118,0,1
3bfd,0,1
aec,0,1
228f,0,1
27b0,0,1
256f,0,1
1915,0,1
2bb9,0,1
1343,0,1
2288,0,1
2e5a,0,1
3381,0,1
7a7,0,1
3c3b,0,1
1e4d,0,1
846,0,1
1128,0,1
c99,0,1
2c61,0,1
b9a,0,1
298f,0,1
1ab0,0,1
2975,0,1
3861,0,1
3def,0,1
33a1,0,1
2f7,0,1
1355,0,1
3c34,0,1
3c44,0,1
3ecd,0,1
2e65,0,1
49d,0,1
603,0,1
391e,0,1
12a9,0,1
90e,0,1
dd0,0,1
12f4,0,1
2130,0,1
2580,0,1
1949,0,1
2be0,0,1
1927,0,1
27d0,0,1
12e1,0,1
2fb5,0,1
309a,0,1
12d,0,1
282e,0,1
299,0,1
1895,0,1
713,0,1
25f8,0,1
2e77,0,1
193d,0,1
1896,0,1
3ef,0,1
1d7b,0,1
91d,0,1
1cb5,0,1
2a7,0,1
29cc,0,1
1313,0,1
15df,0,1
3036,0,1
3db2,0,1
20c0,0,1
2ac8,0,1
2aee,0,1
1aa8,0,1
f70,0,1
1cf6,0,1
fca,0,1
3bac,0,1
b0a,0,1
1ae1,0,1
14ba,0,1
3bf2,0,1
2c96,0,1
116d,0,1
24c6,0,1
3ceb,0,1
3455,0,1
511,0,1
34eb,0,1
297,0,1
1777,0,1
2481,0,1
1dc3,0,1
311c,0,1
e9,0,1
3389,0,1
60,0,1
dac,0,1
28b8,0,1
2b31,0,1
872,0,1
19f5,0,1
70,0,1
3ad4,0,1
f44,0,1
1f91,0,1
129b,0,1
39e3,0,1
1881,0,1
245,0,1
e87,0,1
1185,0,1
2510,0,1
2393,0,1
3899,0,1
14d4,0,1
2922,0,1
1f99,0,1
e9d,0,1
2c09,0,1
afb,0,1
309c,0,1
c7,0,1
3678,0,1
696,0,1
2e13,0,1
38f3,0,1
1734,0,1
344a,0,1
f5a,0,1
2852,0,1
21d7,0,1
30f4,0,1
350e,0,1
1c62,0,1
b49,0,1
26fb,0,1
37a7,0,1
33cc,0,1
2993,0,1
a00,0,1
34a4,0,1
2f94,0,1
2645,0,1
29d9,0,1
15a8,0,1
51b,0,1
583,0,1
1c5c,0,1
3f59,0,1
2f47,0,1
ede,0,1
2116,0,1
2e0f,0,1
1753,0,1
3a43,0,1
246b,0,1
dfc,0,1
1ec0,0,1
3ffb,0,1
3912,0,1
1eef,0,1
2fb5,0,1
17b3,0,1
209e,0,1
189c,0,1
30df,0,1
345,0,1
a1a,0,1
3b03,0,1
3f93,0,1
74b,0,1
18b2,0,1
965,0,1
276b,0,1
2758,0,1
3360,0,1
1f8f,0,1
13e1,0,1
165b,0,1
c2a,0,1
c21,0,1
21a4,0,1
3b6d,0,1
1f0a,0,1
15db,0,1
3a07,0,1
1359,0,1
1d2c,0,1
2f5b,0,1
3a64,0,1
2459,0,1
35e3,0,1
3363,0,1
1aa3,0,1
31ed,0,1
efa,0,1
384a,0,1
ed8,0,1
29a6,0,1
3fd9,0,1
369d,0,1
3a47,0,1
24c5,0,1
c98,0,1
94,0,1
2d4f,0,1
da3,0,1
1c3,0,1
ef,0,1
1b1e,0,1
1c89,0,1
2238,0,1
2ba5,0,1
333c,0,1
31a9,0,1
3bf8,0,1
3640,0,1
3fb7,0,1
1cb8,0,1
3a76,0,1
3dbc,0,1
1397,0,1
1fe8,0,1
3d2f,0,1
8fd,0,1
158,0,1
27ff,0,1
25a2,0,1
1206,0,1
2106,0,1
2a6c,0,1
2dd0,0,1
1f46,0,1
1650,0,1
1490,0,1
2a32,0,1
312,0,1
1d95,0,1
e9d,0,1
675,0,1
1ad5,0,1
2f80,0,1
3f24,0,1
30bb,0,1
3491,0,1
3d1d,0,1
2e6,0,1
249d,0,1
204a,0,1
9b0,0,1
2cd,0,1
ab4,0,1
31a5,0,1
3137,0,1
274a,0,1
2065,0,1
3ad6,0,1
1763,0,1
430,0,1
50d,0,1
2e12,0,1
1d98,0,1
1ddd,0,1
3713,0,1
326c,0,1
133b,0,1
3a90,0,1
6e9,0,1
12c,0,1
3f5,0,1
9a9,0,1
7d8,0,1
32c7,0,1
1242,0,1
29c7,0,1
1175,0,1
2d6f,0,1
2a8e,0,1
6d6,0,1
2477,0,1
1ac6,0,1
345e,0,1
714,0,1
961,0,1
20eb,0,1
180,0,1
2c87,0,1
1115,0,1
304d,0,1
3a76,0,1
2d64,0,1
166f,0,1
2191,0,1
3564,0,1
2dbc,0,1
1bb,0,1
809,0,1
2d2a,0,1
2939,0,1
3790,0,1
3a18,0,1
1ee1,0,1
3447,0,1
1c83,0,1
397,0,1
2545,0,1
1d07,0,1
3406,0,1
10a0,0,1
249a,0,1
2960,0,1
17d0,0,1
2e9f,0,1
2469,0,1
29e1,0,1
2e4e,0,1
1173,0,1
d01,0,1
e16,0,1
14fc,0,1
1af1,0,1
1e7a,0,1
291f,0,1
2b02,0,1
2aa1,0,1
498,0,1
171d,0,1
1801,0,1
90a,0,1
261,0,1
1e9e,0,1
4e6,0,1
23ae,0,1
39bf,0,1
30ec,0,1
161f,0,1
27c6,0,1
75b,0,1
393e,0,1
2a1d,0,1
26e8,0,1
7da,0,1
12e,0,1
3084,0,1
37c4,0,1
39bc,0,1
32c8,0,1
3b1a,0,1
24ac,0,1
298,0,1
26ed,0,1
1499,0,1
1e54,0,1
15d0,0,1
64c,0,1
3df,0,1
762,0,1
3cfb,0,1
3de5,0,1
1e56,0,1
3dc2,0,1
3888,0,1
3c13,0,1
ceb,0,1
290e,0,1
322b,0,1
3e10,0,1
3843,0,1
358a,0,1
e81,0,1
1b86,0,1
9f,0,1
5ab,0,1
dc3,0,1
c8b,0,1
28bc,0,1
3fac,0,1
118e,0,1
89d,0,1
16,0,1
2f11,0,1
c75,0,1
152e,0,1
3933,0,1
2f5d,0,1
f55,0,1
31b9,0,1
395d,0,1
2604,0,1
15fd,0,1
3d13,0,1
19d9,0,1
136a,0,1
18b4,0,1
1f8d,0,1
18cf,0,1
37c,0,1
1882,0,1
2e9a,0,1
3f7c,0,1
5ea,0,1
3a23,0,1
1968,0,1
1734,0,1
358d,0,1
ea3,0,1
24fc,0,1
3969,0,1
3814,0,1
e5d,0,1
1b12,0,1
3e30,0,1
704,0,1
14a3,0,1
38a9,0,1
540,0,1
240b,0,1
1b41,0,1
2d25,0,1
144c,0,1
4fa,0,1
d7a,0,1
3e39,0,1
23ac,0,1
834,0,1
135a,0,1
23d3,0,1
2995,0,1
278a,0,1
2f09,0,1
807,0,1
5db,0,1
2753,0,1
3b6c,0,1
2c9f,0,1
2a28,0,1
4f8,0,1
3be0,0,1
1f6b,0,1
3e41,0,1
1698,0,1
4b1,0,1
29ae,0,1
39ba,0,1
b31,0,1
3e00,0,1
3773,0,1
149d,0,1
1ee3,0,1
3299,0,1
3552,0,1
1341,0,1
3d22,0,1
282b,0,1
36b0,0,1
2081,0,1
3fb1,0,1
1e1c,0,1
16c7,0,1
33a6,0,1
1067,0,1
88f,0,1
1ac7,0,1
1eae,0,1
3278,0,1
25bb,0,1
28f7,0,1
29f2,0,1
2567,0,1
a4d,0,1
1fb2,0,1
3490,0,1
3dcd,0,1
2f33,0,1
e61,0,1
19ca,0,1
1819,0,1
345c,0,1
24f9,0,1
38e1,0,1
36bd,0,1
141e,0,1
3359,0,1
29b5,0,1
729,0,1
18d2,0,1
137b,0,1
3ff8,0,1
dd9,0,1
8f6,0,1
1306,0,1
331c,0,1
2b3a,0,1
2ac3,0,1
203d,0,1
33fa,0,1
34f4,0,1
38dc,0,1
1fc4,0,1
33f8,0,1
3b2c,0,1
18a8,0,1
20bd,0,1
3604,0,1
3a9c,0,1
151e,0,1
2368,0,1
3945,0,1
2c40,0,1
3f03,0,1
102,0,1
3bd6,0,1
f0e,0,1
634,0,1
3f15,0,1
1922,0,1
232c,0,1
2bc1,0,1
2880,0,1
2da9,0,1
dff,0,1
bce,0,1
3f5c,0,1
1fc3,0,1
1702,0,1
1312,0,1
64e,0,1
2b42,0,1
13ec,0,1
365a,0,1
27a9,0,1
2e9f,0,1
277e,0,1
1e46,0,1
219,0,1
30,0,1
175e,0,1
2674,0,1
248b,0,1
122,0,1
11be,0,1
3cbf,0,1
1142,0,1
39c1,0,1
1aaf,0,1
1703,0,1
180a,0,1
325a,0,1
3c6a,0,1
dd,0,1
38c8,0,1
3dd3,0,1
2de0,0,1
2d3a,0,1
1f40,0,1
3d87,0,1
13fc,0,1
1d3a,0,1
3a23,0,1
1a46,0,1
3b39,0,1
6a2,0,1
123,0,1
1331,0,1
3342,0,1
28f1,0,1
28da,0,1
1d50,0,1
124,0,1
2ee6,0,1
1e95,0,1
3037,0,1
1dfb,0,1
2d57,0,1
3200,0,1
d19,0,1
acd,0,1
3898,0,1
29f3,0,1
1147,0,1
2339,0,1
3186,0,1
1817,0,1
39b6,0,1
2278,0,1
14fb,0,1
29cd,0,1
f81,0,1
d3e,0,1
2352,0,1
2fb5,0,1
32b1,0,1
119c,0,1
2677,0,1
11a9,0,1
ecc,0,1
3fdf,0,1
751,0,1
df5,0,1
e37,0,1
1ba2,0,1
38e3,0,1
3d43,0,1
921,0,1
2937,0,1
3ebd,0,1
1369,0,1
2519,0,1
2a7f,0,1
23c7,0,1
1925,0,1
e14,0,1
1a3d,0,1
3c3b,0,1
2c50,0,1
473,0,1
1104,0,1
2f64,0,1
28d9,0,1
323a,0,1
348f,0,1
5e6,0,1
32c9,0,1
1a01,0,1
3efb,0,1
321c,0,1
98f,0,1
387e,0,1
16c7,0,1
27c8,0,1
30c2,0,1
78a,0,1
1ff4,0,1
4d4,0,1
3d71,0,1
383b,0,1
2b88,0,1
3ca,0,1
b59,0,1
3607,0,1
27cc,0,1
1e4e,0,1
2399,0,1
1e4a,0,1
9af,0,1
b69,0,1
1101,0,1
fc9,0,1
1753,0,1
1b7d,0,1
28fb,0,1
2fbc,0,1
3a07,0,1
37be,0,1
2206,0,1
221f,0,1
1a58,0,1
1c19,0,1
2192,0,1
a73,0,1
2857,0,1
484,0,1
18f,0,1
eb5,0,1
24f1,0,1
2884,0,1
2652,0,1
35d8,0,1
5f8,0,1
35a7,0,1
2942,0,1
18d3,0,1
2b47,0,1
2b93,0,1
3577,0,1
3b16,0,1
1bb0,0,1
1b71,0,1
20c2,0,1
3d58,0,1
1a9b,0,1
94c,0,1
410,0,1
2a7a,0,1
732,0,1
1388,0,1
2516,0,1
347a,0,1
bb,0,1
1098,0,1
30b4,0,1
3176,0,1
32d0,0,1
3ff5,0,1
1ee7,0,1
e13,0,1
33af,0,1
2fba,0,1
3bc7,0,1
2f1a,0,1
1b57,0,1
460,0,1
8b5,0,1
12f7,0,1
1856,0,1
35da,0,1
383,0,1
3075,0,1
1a6c,0,1
1401,0,1
3fc3,0,1
12f5,0,1
2808,0,1
3517,0,1
56b,0,1
3eb,0,1
362e,0,1
2b1f,0,1
cbc,0,1
6b2,0,1
1da7,0,1
1f5d,0,1
22c9,0,1
1f2d,0,1
4c0,0,1
cb6,0,1
231b,0,1
593,0,1
2239,0,1
2fb5,0,1
279a,0,1
2de9,0,1
384d,0,1
3478,0,1
10cf,0,1
18d6,0,1
1064,0,1
3832,0,1
1d76,0,1
309f,0,1
5ed,0,1
5d,0,1
339b,0,1
3ca,0,1
139,0,1
1434,0,1
1e45,0,1
22fc,0,1
102e,0,1
163f,0,1
2591,0,1
471,0,1
1bff,0,1
3221,0,1
2e53,0,1
1071,0,1
3e79,0,1
3176,0,1
1f5e,0,1
13f8,0,1
3037,0,1
15ff,0,1
236b,0,1
112e,0,1
1331,0,1
15f2,0,1
2449,0,1
19da,0,1
ff,0,1
b34,0,1
3d65,0,1
3c35,0,1
24ae,0,1
259e,0,1
3ec4,0,1
1dda,0,1
2a54,0,1
3f6e,0,1
3dfd,0,1
1205,0,1
63a,0,1
1c93,0,1
2c33,0,1
25fc,0,1
34c1,0,1
237,0,1
3d20,0,1
30e4,0,1
2221,0,1
32ec,0,1
15bc,0,1
2980,0,1
389b,0,1
2eee,0,1
af6,0,1
17fb,0,1
1c6f,0,1
2d10,0,1
3592,0,1
1361,0,1
1f61,0,1
116c,0,1
c4,0,1
2ca6,0,1
1eb1,0,1
2985,0,1
28d9,0,1
1182,0,1
9d0,0,1
16a2,0,1
997,0,1
323a,0,1
1060,0,1
2e9a,0,1
fb,0,1
18c1,0,1
2681,0,1
b60,0,1
3fe3,0,1
1a5b,0,1
248c,0,1
5dd,0,1
3e74,0,1
1150,0,1
352b,0,1
22c,0,1
3e89,0,1
3e63,0,1
3b01,0,1
3631,0,1
8c6,0,1
30be,0,1
19db,0,1
310,0,1
28ed,0,1
2134,0,1
127e,0,1
1e7e,0,1
2736,0,1
2254,0,1
188a,0,1
2fbc,0,1
1025,0,1
1625,0,1
2fe1,0,1
254f,0,1
22fb,0,1
3137,0,1
342,0,1
2010,0,1
3b3,0,1
ae1,0,1
1a3,0,1
37d6,0,1
18fa,0,1
3442,0,1
1880,0,1
3d51,0,1
2235,0,1
12aa,0,1
bb4,0,1
259b,0,1
3801,0,1
2713,0,1
3a15,0,1
7dd,0,1
3c03,0,1
1afa,0,1
b2a,0,1
3cbb,0,1
f28,0,1
3dfc,0,1
3235,0,1
1408,0,1
8ae,0,1
3558,0,1
2a4e,0,1
2bbf,0,1
3b7f,0,1
2406,0,1
1803,0,1
18d0,0,1
25d5,0,1
3a52,0,1
1a77,0,1
3ad5,0,1
16f,0,1
25a1,0,1
2c9,0,1
2b1f,0,1
3c25,0,1
286d,0,1
1468,0,1
236f,0,1
dbf,0,1
313d,0,1
3246,0,1
582,0,1
2744,0,1
c7e,0,1
3cc9,0,1
229,0,1
3889,0,1
be7,0,1
387,0,1
16d8,0,1
140,0,1
13e5,0,1
2850,0,1
33a6,0,1
3b46,0,1
23e7,0,1
3a2a,0,1
3583,0,1
1ce3,0,1
1362,0,1
1059,0,1
e27,0,1
2e6b,0,1
2370,0,1
d4e,0,1
3967,0,1
191,0,1
1e88,0,1
3bd3,0,1
2c68,0,1
2860,0,1
21eb,0,1
190,0,1
2b56,0,1
2ec3,0,1
1f2,0,1
1c45,0,1
3bbf,0,1
3403,0,1
18f6,0,1
ec6,0,1
76f,0,1
214e,0,1
39a9,0,1
2ac1,0,1
3b4d,0,1
3f45,0,1
1b08,0,1
1f55,0,1
7b0,0,1
1df9,0,1
2c4d,0,1
b59,0,1
3467,0,1
278d,0,1
6c1,0,1
2552,0,1
1ac4,0,1
26d9,0,1
3d31,0,1
1979,0,1
1a74,0,1
f6e,0,1
2266,0,1
2107,0,1
1b32,0,1
15bc,0,1
ae,0,1
2f87,0,1
2768,0,1
386f,0,1
77f,0,1
343d,0,1
253d,0,1
4c2,0,1
2c1,0,1
d64,0,1
151e,0,1
33bc,0,1
238,0,1
1ca,0,1
230f,0,1
27ee,0,1
8ef,0,1
3fce,0,1
d73,0,1
901,0,1
1d87,0,1
21e9,0,1
357e,0,1
14b5,0,1
330b,0,1
311b,0,1
38a2,0,1
13ab,0,1
247,0,1
13ec,0,1
291a,0,1
2b8d,0,1
2877,0,1
2ed4,0,1
39ba,0,1
1e8b,0,1
1455,0,1
103b,0,1
2a02,0,1
3523,0,1
114,0,1
39ce,0,1
bbc,0,1
3e55,0,1
3fbc,0,1
1f40,0,1
35aa,0,1
314b,0,1
3a21,0,1
baa,0,1
34db,0,1
8b3,0,1
28f8,0,1
12ca,0,1
3e23,0,1
2ceb,0,1
3f88,0,1
1c8f,0,1
1dff,0,1
184a,0,1
b,0,1
247d,0,1
3fcb,0,1
24c,0,1
3fc,0,1
3823,0,1
e47,0,1
2000,0,1
100e,0,1
27bf,0,1
1faf,0,1
2457,0,1
2224,0,1
223,0,1
3ce5,0,1
15e9,0,1
1f4b,0,1
2299,0,1
16ab,0,1
25a,0,1
28b4,0,1
1121,0,1
3564,0,1
28d3,0,1
3827,0,1
2ff0,0,1
11d3,0,1
f67,0,1
3d30,0,1
102c,0,1
18ad,0,1
2780,0,1
1f95,0,1
382c,0,1
315c,0,1
1754,0,1
319d,0,1
313d,0,1
3145,0,1
62d,0,1
3bdd,0,1
28ee,0,1
4db,0,1
3b1b,0,1
15f2,0,1
27d3,0,1
27d1,0,1
f9c,0,1
18b9,0,1
2965,0,1
1075,0,1
2070,0,1
2cb,0,1
2d09,0,1
2672,0,1
eb9,0,1
16cd,0,1
238d,0,1
28ee,0,1
150e,0,1
1e08,0,1
cb7,0,1
2510,0,1
3a3f,0,1
101b,0,1
2810,0,1
35fa,0,1
aba,0,1
2f3e,0,1
1e4b,0,1
3580,0,1
1a58,0,1
26c5,0,1
23ae,0,1
2217,0,1
899,0,1
109,0,1
18bd,0,1
269a,0,1
1798,0,1
2b26,0,1
1cb7,0,1
cfd,0,1
1323,0,1
30a4,0,1
29,0,1
3e49,0,1
1ac6,0,1
8db,0,1
2900,0,1
361c,0,1
21f5,0,1
2458,0,1
cc6,0,1
3aff,0,1
ac2,0,1
9f7,0,1
100,0,1
7d6,0,1
2d7,0,1
3b73,0,1
19af,0,1
3745,0,1
3e3a,0,1
3165,0,1
cba,0,1
3062,0,1
3075,0,1
3660,0,1
521,0,1
1c84,0,1
2790,0,1
3edd,0,1
2a02,0,1
1bf5,0,1
3c14,0,1
c4d,0,1
24e,0,1
6e5,0,1
1758,0,1
17af,0,1
10ad,0,1
37e,0,1
1443,0,1
3ad5,0,1
3279,0,1
1c4b,0,1
41c,0,1
123c,0,1
93e,0,1
2f40,0,1
138c,0,1
cdc,0,1
368b,0,1
1300,0,1
584,0,1
3274,0,1
64a,0,1
2dee,0,1
2666,0,1
2822,0,1
35b1,0,1
aa3,0,1
193b,0,1
408,0,1
3d7,0,1
25e7,0,1
1364,0,1
2d8b,0,1
d29,0,1
3ed1,0,1
2668,0,1
e5e,0,1
1ab9,0,1
77b,0,1
362c,0,1
2702,0,1
d9c,0,1
9e,0,1
13e5,0,1
3c7,0,1
3ba,0,1
3996,0,1
2977,0,1
d7f,0,1
33b9,0,1
2db3,0,1
2ffc,0,1
1c3a,0,1
1d8,0,1
3718,0,1
1ff1,0,1
3f87,0,1
2e9e,0,1
38b4,0,1
3a96,0,1
3aa3,0,1
2466,0,1
343b,0,1
2455,0,1
2747,0,1
6ff,0,1
2106,0,1
152d,0,1
17f2,0,1
183d,0,1
953,0,1
3a01,0,1
316,0,1
2ee2,0,1
4bd,0,1
3128,0,1
3403,0,1
cc0,0,1
394,0,1
2b20,0,1
2f0a,0,1
1465,0,1
293,0,1
3fa9,0,1
316b,0,1
ed5,0,1
2614,0,1
2dd7,0,1
d5a,0,1
12b,0,1
3982,0,1
a75,0,1
2acb,0,1
1610,0,1
1fce,0,1
770,0,1
13eb,0,1
2c21,0,1
1a1c,0,1
3608,0,1
3bb8,0,1
3604,0,1
35c6,0,1
172a,0,1
d77,0,1
3b0a,0,1
190d,0,1
2d06,0,1
14e7,0,1
269b,0,1
28eb,0,1
2209,0,1
2d4a,0,1
1ea7,0,1
22f5,0,1
143b,0,1
3ee,0,1
3f43,0,1
2dd9,0,1
b2,0,1
1289,0,1
3c36,0,1
25b5,0,1
2ed7,0,1
376d,0,1
1a02,0,1
3d02,0,1
2485,0,1
1467,0,1
24ab,0,1
317e,0,1
2c2c,0,1
3e9b,0,1
1060,0,1
2262,0,1
3e32,0,1
e24,0,1
39a9,0,1
40b,0,1
225c,0,1
159d,0,1
f9,0,1
3380,0,1
3e69,0,1
298c,0,1
2ff1,0,1
16bf,0,1
dd0,0,1
cef,0,1
6fc,0,1
3c2a,0,1
3199,0,1
10aa,0,1
f0c,0,1
2473,0,1
3de9,0,1
1691,0,1
3ff6,0,1
3861,0,1
133,0,1
aab,0,1
20f6,0,1
3ba6,0,1
235c,0,1
2dde,0,1
6ef,0,1
3951,0,1
1f43,0,1
35a5,0,1
1173,0,1
243e,0,1
2d7b,0,1
443,0,1
1f98,0,1
387,0,1
15d3,0,1
1bba,0,1
61b,0,1
2ca2,0,1
8f2,0,1
d81,0,1
2dc3,0,1
1b82,0,1
3257,0,1
2f4c,0,1
3a75,0,1
20cd,0,1
2b09,0,1
ee2,0,1
277a,0,1
37ff,0,1
4eb,0,1
20d5,0,1
16a2,0,1
3979,0,1
2e84,0,1
10e6,0,1
1d04,0,1
2fe5,0,1
ba7,0,1
6a3,0,1
d6b,0,1
3a9b,0,1
26f9,0,1
217d,0,1
516,0,1
3ba1,0,1
67b,0,1
20df,0,1
1602,0,1
2d19,0,1
25cf,0,1
15b0,0,1
30c9,0,1
b6c,0,1
a50,0,1
29e1,0,1
219d,0,1
1a31,0,1
1664,0,1
e2,0,1
3efa,0,1
b7d,0,1
fe7,0,1
ea8,0,1
2fd3,0,1
191a,0,1
9d1,0,1
31eb,0,1
3e64,0,1
1db1,0,1
127d,0,1
1cd7,0,1
b04,0,1
2a05,0,1
3627,0,1
25a6,0,1
26ec,0,1
f9e,0,1
2cb6,0,1
2b37,0,1
e86,0,1
2703,0,1
2197,0,1
c0e,0,1
3cae,0,1
32b9,0,1
2bfc,0,1
f4b,0,1
4bf,0,1
245a,0,1
32a0,0,1
38fc,0,1
1b3,0,1
25d1,0,1
3064,0,1
622,0,1
16e6,0,1
1584,0,1
361e,0,1
16a6,0,1
3518,0,1
32a1,0,1
3f5,0,1
226e,0,1
32c0,0,1
4ef,0,1
285b,0,1
963,0,1
12ec,0,1
196a,0,1
1fb9,0,1
3f57,0,1
394f,0,1
37ed,0,1
2afc,0,1
12ff,0,1
1efe,0,1
1e4d,0,1
b88,0,1
b61,0,1
3af6,0,1
30b4,0,1
32c5,0,1
1db,0,1
2dc0,0,1
e76,0,1
17dd,0,1
304d,0,1
1615,0,1
7f3,0,1
2f7d,0,1
c1a,0,1
1222,0,1
66,0,1
3f6a,0,1
3bcf,0,1
3b22,0,1
3673,0,1
2042,0,1
11f1,0,1
2d97,0,1
73c,0,1
3fae,0,1
327d,0,1
3be7,0,1
269c,0,1
3cf7,0,1
313d,0,1
cc0,0,1
28e2,0,1
90e,0,1
1bb7,0,1
2907,0,1
1b11,0,1
1dde,0,1
3a8,0,1
3e15,0,1
2d87,0,1
254f,0,1
1d55,0,1
1c06,0,1
398d,0,1
3ca6,0,1
e19,0,1
d7,0,1
3634,0,1
158e,0,1
b22,0,1
1c20,0,1
1b63,0,1
2f7e,0,1
18bd,0,1
3a81,0,1
a7b,0,1
179e,0,1
3aa7,0,1
36aa,0,1
1ab1,0,1
1af,0,1
2c66,0,1
2523,0,1
125e,0,1
3053,0,1
12b0,0,1
fe6,0,1
1ca0,0,1
1684,0,1
3a0a,0,1
6a8,0,1
35fc,0,1
dc5,0,1
56a,0,1
3db7,0,1
49e,0,1
442,0,1
29c1,0,1
1779,0,1
1e23,0,1
3206,0,1
3aa3,0,1
212e,0,1
30c2,0,1
2493,0,1
fe9,0,1
829,0,1
3a35,0,1
55a,0,1
ebb,0,1
38c,0,1
2c67,0,1
1b5f,0,1
1d89,0,1
9da,0,1
34e9,0,1
3cc3,0,1
8dc,0,1
11aa,0,1
3be,0,1
8a7,0,1
1aaf,0,1
3ff7,0,1
191a,0,1
11db,0,1
2c7d,0,1
2911,0,1
3ffb,0,1
3dc0,0,1
3cc9,0,1
141a,0,1
6ce,0,1
ecc,0,1
3983,0,1
1c2,0,1
118b,0,1
1f3c,0,1
3424,0,1
2d49,0,1
3c45,0,1
3e36,0,1
3f6e,0,1
2b8e,0,1
2e1b,0,1
38c5,0,1
31b0,0,1
cd3,0,1
1517,0,1
269c,0,1
13b6,0,1
321c,0,1
3e46,0,1
1e49,0,1
7e2,0,1
96a,0,1
2946,0,1
2497,0,1
2b47,0,1
f84,0,1
2746,0,1
1f4d,0,1
33af,0,1
2c95,0,1
3ea4,0,1
38dd,0,1
1b81,0,1
29a8,0,1
1ecb,0,1
188d,0,1
ff,0,1
3001,0,1
21ca,0,1
979,0,1
1e4d,0,1
37c2,0,1
2d5,0,1
391b,0,1
84e,0,1
c37,0,1
1bd9,0,1
79d,0,1
34d1,0,1
ab1,0,1
1e50,0,1
1adb,0,1
416,0,1
2f6a,0,1
3c46,0,1
2d86,0,1
2aff,0,1
3a93,0,1
2d20,0,1
11b0,0,1
2d1,0,1
6b5,0,1
299,0,1
15b5,0,1
a7b,0,1
563,0,1
853,0,1
2010,0,1
1cbc,0,1
3168,0,1
1e60,0,1
290b,0,1
2622,0,1
b45,0,1
3342,0,1
87,0,1
33df,0,1
1379,0,1
34c2,0,1
1bd8,0,1
823,0,1
1bdd,0,1
cce,0,1
17a3,0,1
3628,0,1
da9,0,1
33d1,0,1
1cd0,0,1
24a4,0,1
26df,0,1
2440,0,1
881,0,1
3f7f,0,1
17c5,0,1
1b86,0,1
2de5,0,1
2d17,0,1
3787,0,1
2313,0,1
3961,0,1
14fd,0,1
dae,0,1
34b,0,1
2402,0,1
3b2b,0,1
147,0,1
612,0,1
229f,0,1
30c0,0,1
2fb3,0,1
2c11,0,1
6d9,0,1
298a,0,1
2f10,0,1
1326,0,1
151a,0,1
326f,0,1
22ea,0,1
32f2,0,1
406,0,1
34f3,0,1
a2c,0,1
198,0,1
1738,0,1
168f,0,1
22c7,0,1
9f1,0,1
2009,0,1
2183,0,1
2dda,0,1
2f8a,0,1
3eec,0,1
23a1,0,1
3f23,0,1
3152,0,1
22d8,0,1
2db2,0,1
32a2,0,1
1131,0,1
c51,0,1
21bc,0,1
2cab,0,1
226a,0,1
f5c,0,1
3d05,0,1
17ef,0,1
3b2,0,1
33b7,0,1
2b6c,0,1
2dee,0,1
1db2,0,1
2257,0,1
15ca,0,1
3d90,0,1
2ea2,0,1
cee,0,1
e98,0,1
245f,0,1
10fb,0,1
2a26,0,1
1392,0,1
2120,0,1
1755,0,1
3dbb,0,1
1de4,0,1
3969,0,1
3e32,0,1
849,0,1
2471,0,1
2db2,0,1
3ef8,0,1
3617,0,1
110a,0,1
3dc9,0,1
2b53,0,1
3e3a,0,1
1774,0,1
34f2,0,1
16cc,0,1
1ccd,0,1
515,0,1
15d1,0,1
3f7b,0,1
331,0,1
23ba,0,1
6e2,0,1
139d,0,1
3ab4,0,1
3b4,0,1
579,0,1
7c1,0,1
1324,0,1
ab,0,1
27a9,0,1
1043,0,1
9f7,0,1
1b7,0,1
18ca,0,1
12c,0,1
19df,0,1
1448,0,1
50a,0,1
133,0,1
2236,0,1
c16,0,1
1cb,0,1
176e,0,1
176e,0,1
29dc,0,1
1b56,0,1
1ea2,0,1
373b,0,1
195d,0,1
1751,0,1
3aae,0,1
25f9,0,1
331d,0,1
351a,0,1
34f8,0,1
555,0,1
827,0,1
268a,0,1
2606,0,1
2df9,0,1
2082,0,1
2240,0,1
30a1,0,1
2dac,0,1
3c33,0,1
2e01,0,1
480,0,1
2e75,0,1
37ac,0,1
3680,0,1
360c,0,1
208,0,1
1808,0,1
bc1,0,1
21f6,0,1
2326,0,1
2ca2,0,1
1da7,0,1
26ab,0,1
7f,0,1
b8d,0,1
1f77,0,1
3131,0,1
3ddf,0,1
2ebb,0,1
15bf,0,1
3b36,0,1
36d5,0,1
364a,0,1
283b,0,1
1e11,0,1
207e,0,1
26c6,0,1
281c,0,1
3198,0,1
4d,0,1
593,0,1
100f,0,1
1ea5,0,1
15de,0,1
3d56,0,1
16c2,0,1
25b1,0,1
3bc6,0,1
1413,0,1
21de,0,1
4ab,0,1
2507,0,1
3e47,0,1
3f04,0,1
580,0,1
a2f,0,1
25a4,0,1
22e0,0,1
2479,0,1
3215,0,1
219c,0,1
19de,0,1
a89,0,1
32fe,0,1
39a1,0,1
35db,0,1
313,0,1
3f5b,0,1
d28,0,1
13d3,0,1
faa,0,1
2116,0,1
1761,0,1
3822,0,1
1e30,0,1
e85,0,1
3f5a,0,1
78e,0,1
3c01,0,1
32c1,0,1
1652,0,1
332,0,1
2815,0,1
370,0,1
2840,0,1
a9,0,1
3fb8,0,1
21a,0,1
1152,0,1
1822,0,1
370d,0,1
dd4,0,1
2fee,0,1
25d3,0,1
1221,0,1
3cd0,0,1
5d0,0,1
383,0,1
3b44,0,1
3ce5,0,1
b58,0,1
3273,0,1
a6b,0,1
274b,0,1
36f3,0,1
1ed8,0,1
183,0,1
49d,0,1
1fc7,0,1
3f75,0,1
33a8,0,1
203d,0,1
18df,0,1
c7e,0,1
1b86,0,1
138d,0,1
3fed,0,1
74e,0,1
36cd,0,1
edd,0,1
a0c,0,1
23c,0,1
2e34,0,1
2f7,0,1
941,0,1
53c,0,1
2588,0,1
2b89,0,1
282f,0,1
2b02,0,1
331d,0,1
1b65,0,1
3c99,0,1
3b06,0,1
4aa,0,1
3936,0,1
14b9,0,1
1179,0,1
3f03,0,1
8ab,0,1
2127,0,1
2c5b,0,1
3ce3,0,1
3a8f,0,1
308,0,1
2049,0,1
17cf,0,1
26be,0,1
e54,0,1
2a92,0,1
3f88,0,1
1f4f,0,1
16ca,0,1
2b18,0,1
f9a,0,1
1e,0,1
1f1e,0,1
1d96,0,1
340a,0,1
c0f,0,1
89f,0,1
14ea,0,1
15b2,0,1
555,0,1
2938,0,1
39a4,0,1
17be,0,1
172f,0,1
36c9,0,1
28ba,0,1
2be0,0,1
1921,0,1
2aa5,0,1
24a6,0,1
37ac,0,1
2f9e,0,1
328,0,1
1efc,0,1
8df,0,1
5be,0,1
21a,0,1
2663,0,1
179b,0,1
373f,0,1
2f70,0,1
845,0,1
152e,0,1
2d17,0,1
1c43,0,1
cae,0,1
4db,0,1
3fa0,0,1
29e7,0,1
393e,0,1
35bc,0,1
2c6f,0,1
2e6,0,1
38ac,0,1
2413,0,1
47b,0,1
109b,0,1
29fd,0,1
2159,0,1
2158,0,1
d30,0,1
2d31,0,1
384d,0,1
1071,0,1
bc8,0,1
ad6,0,1
144f,0,1
3555,0,1
3371,0,1
122b,0,1
2057,0,1
2736,0,1
2511,0,1
2321,0,1
35d2,0,1
2ce0,0,1
3ab9,0,1
3174,0,1
34ad,0,1
673,0,1
1d18,0,1
11fa,0,1
203c,0,1
16cf,0,1
2f25,0,1
264c,0,1
193d,0,1
37d7,0,1
27b7,0,1
664,0,1
144f,0,1
7a9,0,1
24cd,0,1
796,0,1
e7b,0,1
25a0,0,1
13d3,0,1
1243,0,1
1d2b,0,1
1651,0,1
3613,0,1
1107,0,1
28ff,0,1
5cb,0,1
11da,0,1
11e1,0,1
3dbf,0,1
2a9b,0,1
386f,0,1
135b,0,1
1068,0,1
df0,0,1
276a,0,1
3534,0,1
36ec,0,1
23ac,0,1
21f,0,1
11ec,0,1
222b,0,1
39ad,0,1
23fb,0,1
70b,0,1
218b,0,1
2f2b,0,1
b95,0,1
2644,0,1
473,0,1
596,0,1
112e,0,1
22,0,1
3599,0,1
ed9,0,1
2433,0,1
2552,0,1
cfc,0,1
34d8,0,1
3f42,0,1
9d4,0,1
34bf,0,1
27fd,0,1
39c6,0,1
3ffc,0,1
39e,0,1
17bb,0,1
2ac7,0,1
3dcd,0,1
19e8,0,1
3ab1,0,1
1254,0,1
1863,0,1
346c,0,1
ea0,0,1
3da3,0,1
13a6,0,1
cd4,0,1
5a,0,1
323c,0,1
2194,0,1
1b8a,0,1
3e7d,0,1
cc6,0,1
1f07,0,1
d69,0,1
2b02,0,1
2046,0,1
1978,0,1
2ed2,0,1
3399,0,1
285f,0,1
f9c,0,1
3485,0,1
6e3,0,1
3d53,0,1
15d8,0,1
a7,0,1
e71,0,1
2485,0,1
3bf5,0,1
3996,0,1
3f20,0,1
1886,0,1
ca7,0,1
29e9,0,1
16f,0,1
1492,0,1
3467,0,1
2d01,0,1
59e,0,1
15ff,0,1
1707,0,1
124d,0,1
11cd,0,1
2c5a,0,1
f38,0,1
d53,0,1
2d05,0,1
2d19,0,1
2ac7,0,1
176a,0,1
3dcf,0,1
1095,0,1
1fc9,0,1
2392,0,1
21bf,0,1
d18,0,1
2dd3,0,1
39b4,0,1
734,0,1
3936,0,1
265e,0,1
29fc,0,1
1627,0,1
1c41,0,1
14d5,0,1
783,0,1
3780,0,1
2847,0,1
3a1a,0,1
294d,0,1
3db,0,1
3000,0,1
2c1e,0,1
11ea,0,1
2c88,0,1
8a,0,1
17f6,0,1
308f,0,1
29ea,0,1
210d,0,1
346d,0,1
2203,0,1
229c,0,1
330,0,1
2d58,0,1
1f2a,0,1
15bf,0,1
2263,0,1
3cdd,0,1
15c5,0,1
27dc,0,1
3a9a,0,1
375b,0,1
1d22,0,1
2e64,0,1
3e65,0,1
16f,0,1
208,0,1
3ae,0,1
f75,0,1
1794,0,1
2bdd,0,1
18a2,0,1
1533,0,1
29c7,0,1
3edf,0,1
1cc2,0,1
2ab1,0,1
3d24,0,1
21cc,0,1
1563,0,1
2e11,0,1
3108,0,1
194f,0,1
17a7,0,1
80d,0,1
1225,0,1
1c71,0,1
2c07,0,1
249e,0,1
1d8b,0,1
3144,0,1
315b,0,1
57d,0,1
1565,0,1
3cff,0,1
32bc,0,1
34e1,0,1
7c6,0,1
1e57,0,1
84f,0,1
3726,0,1
efa,0,1
250e,0,1
134f,0,1
2696,0,1
20ac,0,1
171,0,1
3147,0,1
304a,0,1
a19,0,1
1af1,0,1
375a,0,1
14d7,0,1
180d,0,1
c4,0,1
2206,0,1
4c6,0,1
1fb0,0,1
17a6,0,1
2235,0,1
349f,0,1
518,0,1
e79,0,1
f98,0,1
d37,0,1
d0f,0,1
826,0,1
2637,0,1
1889,0,1
3fe1,0,1
36c3,0,1
27b9,0,1
332e,0,1
3ec3,0,1
2e03,0,1
2bbe,0,1
ab0,0,1
25d5,0,1
2f6a,0,1
2068,0,1
218a,0,1
33d,0,1
4c0,0,1
242f,0,1
3070,0,1
29a9,0,1
2edf,0,1
17c9,0,1
1361,0,1
135,0,1
2952,0,1
3723,0,1
2c81,0,1
11fc,0,1
2ba7,0,1
3a62,0,1
3ae1,0,1
35b3,0,1
90,0,1
1271,0,1
32d3,0,1
597,0,1
15,0,1
38a,0,1
ecc,0,1
de3,0,1
fb7,0,1
3b9d,0,1
3d92,0,1
1ced,0,1
6c4,0,1
3b53,0,1
b5a,0,1
1961,0,1
393b,0,1
1157,0,1
227b,0,1
1d90,0,1
3f8b,0,1
1dc5,0,1
3260,0,1
319b,0,1
1e19,0,1
346b,0,1
1b1e,0,1
efd,0,1
3ba,0,1
8ed,0,1
33b6,0,1
2bdf,0,1
ebe,0,1
1ec4,0,1
3402,0,1
3e55,0,1
455,0,1
2cdb,0,1
1308,0,1
2706,0,1
33f4,0,1
1007,0,1
1909,0,1
2af1,0,1
1295,0,1
1692,0,1
2888,0,1
3376,0,1
78d,0,1
7dd,0,1
3140,0,1
1284,0,1
1026,0,1
15b9,0,1
35b1,0,1
1393,0,1
6a3,0,1
250f,0,1
25dd,0,1
3825,0,1
3daf,0,1
36b7,0,1
c07,0,1
e9f,0,1
304a,0,1
3c85,0,1
1b84,0,1
1b3f,0,1
16a8,0,1
1796,0,1
287f,0,1
3b1d,0,1
36f4,0,1
1ae2,0,1
2145,0,1
1939,0,1
14b,0,1
2cc1,0,1
34e0,0,1
3dc1,0,1
5d8,0,1
36b6,0,1
164a,0,1
33ce,0,1
56b,0,1
ed5,0,1
bbc,0,1
1501,0,1
31b6,0,1
3932,0,1
268f,0,1
7fa,0,1
46f,0,1
3a1a,0,1
588,0,1
2e6c,0,1
1bf2,0,1
1594,0,1
bfe,0,1
7c2,0,1
358c,0,1
10a,0,1
398b,0,1
20a,0,1
3809,0,1
1cee,0,1
3486,0,1
31e,0,1
1588,0,1
24ef,0,1
3c18,0,1
7b,0,1
1849,0,1
1777,0,1
310f,0,1
6a9,0,1
306f,0,1
23d8,0,1
1784,0,1
1e9d,0,1
38c0,0,1
255,0,1
14f0,0,1
1ab9,0,1
74d,0,1
d1a,0,1
637,0,1
2382,0,1
2d22,0,1
2ba6,0,1
3dac,0,1
15b5,0,1
1e2e,0,1
3462,0,1
107f,0,1
e81,0,1
2982,0,1
d42,0,1
13cc,0,1
a55,0,1
a5d,0,1
10b4,0,1
b6b,0,1
2355,0,1
2fe3,0,1
161c,0,1
24d5,0,1
2d57,0,1
26ec,0,1
2e34,0,1
a8e,0,1
168b,0,1
1976,0,1
3be4,0,1
1c49,0,1
3be8,0,1
18fb,0,1
1549,0,1
3683,0,1
1f54,0,1
7fe,0,1
d1,0,1
3b79,0,1
d62,0,1
2e31,0,1
51,0,1
30d4,0,1
1f3a,0,1
3b87,0,1
3940,0,1
31d3,0,1
5e7,0,1
1d6f,0,1
10b3,0,1
3c1b,0,1
864,0,1
2f06,0,1
982,0,1
13ae,0,1
3eaa,0,1
317f,0,1
2803,0,1
2f78,0,1
1949,0,1
2e21,0,1
6dc,0,1
1626,0,1
1c31,0,1
120,0,1
307f,0,1
2c9b,0,1
781,0,1
d70,0,1
38b6,0,1
1232,0,1
36a8,0,1
1889,0,1
2fee,0,1
cd6,0,1
2bdb,0,1
3dad,0,1
31e9,0,1
c54,0,1
973,0,1
2d02,0,1
3ac6,0,1
3965,0,1
3f11,0,1
e5,0,1
1d55,0,1
9aa,0,1
9f7,0,1
e2,0,1
162b,0,1
153e,0,1
19f,0,1
abc,0,1
25a9,0,1
10de,0,1
30c5,0,1
36c5,0,1
13e7,0,1
15b1,0,1
36d6,0,1
3abc,0,1
3731,0,1
1e8c,0,1
39b4,0,1
364a,0,1
18df,0,1
266c,0,1
165d,0,1
19ba,0,1
2e3b,0,1
26a2,0,1
5e4,0,1
3411,0,1
3976,0,1
324a,0,1
315a,0,1
115a,0,1
321e,0,1
2614,0,1
1167,0,1
36d2,0,1
3ebb,0,1
d4c,0,1
2514,0,1
17c7,0,1
298a,0,1
6e8,0,1
2f43,0,1
11fa,0,1
273,0,1
d72,0,1
35e7,0,1
1df1,0,1
fc,0,1
193f,0,1
3617,0,1
a06,0,1
1e82,0,1
e55,0,1
2bdd,0,1
2b8d,0,1
142,0,1
2cd7,0,1
25ce,0,1
35eb,0,1
1f2c,0,1
1929,0,1
3866,0,1
561,0,1
15a5,0,1
38e5,0,1
4c4,0,1
70e,0,1
45e,0,1
2129,0,1
479,0,1
2469,0,1
3834,0,1
132f,0,1
ee8,0,1
355c,0,1
30b6,0,1
865,0,1
270e,0,1
255c,0,1
16f0,0,1
20c0,0,1
1bec,0,1
31f1,0,1
1b31,0,1
2db1,0,1
2bc6,0,1
3e00,0,1
31e0,0,1
17de,0,1
3e84,0,1
2ec6,0,1
27ff,0,1
16fa,0,1
a75,0,1
35b6,0,1
36df,0,1
199e,0,1
2615,0,1
6c9,0,1
f52,0,1
1e89,0,1
89f,0,1
11a6,0,1
338,0,1
20aa,0,1
5ee,0,1
2a50,0,1
343f,0,1
6c,0,1
54f,0,1
e45,0,1
3cce,0,1
4fe,0,1
b67,0,1
1d60,0,1
117c,0,1
f46,0,1
2ad,0,1
397c,0,1
247,0,1
d50,0,1
3967,0,1
7b8,0,1
2581,0,1
31ef,0,1
d00,0,1
1fd6,0,1
3ec3,0,1
cd2,0,1
83b,0,1
28b5,0,1
355c,0,1
3846,0,1
1c7a,0,1
3a02,0,1
2516,0,1
1059,0,1
1f0a,0,1
1d42,0,1
381d,0,1
1f0c,0,1
2190,0,1
dad,0,1
3134,0,1
149e,0,1
2832,0,1
3537,0,1
2a87,0,1
2f66,0,1
194b,0,1
24e2,0,1
2fa6,0,1
2528,0,1
26f5,0,1
3183,0,1
3877,0,1
3299,0,1
2f62,0,1
2c89,0,1
254,0,1
19c8,0,1
3530,0,1
2c15,0,1
3b79,0,1
30d0,0,1
9f1,0,1
3c8f,0,1
2714,0,1
2e4f,0,1
265f,0,1
c2c,0,1
17ae,0,1
3c34,0,1
e38,0,1
680,0,1
3769,0,1
319,0,1
2bc5,0,1
1a76,0,1
1428,0,1
378c,0,1
1ca,0,1
6bb,0,1
98c,0,1
14da,0,1
1309,0,1
bb,0,1
1920,0,1
10b7,0,1
939,0,1
352a,0,1
13ae,0,1
3168,0,1
2d58,0,1
b2d,0,1
328c,0,1
1c03,0,1
26c,0,1
2c08,0,1
3bbc,0,1
be2,0,1
35c6,0,1
4ba,0,1
1a15,0,1
207c,0,1
1d47,0,1
3f9b,0,1
2e43,0,1
ba6,0,1
cd3,0,1
2c08,0,1
24ea,0,1
3beb,0,1
3aa8,0,1
1361,0,1
3d7f,0,1
2f2a,0,1
2625,0,1
3469,0,1
4f0,0,1
2daa,0,1
ef2,0,1
1030,0,1
2e22,0,1
264c,0,1
2c63,0,1
3cc8,0,1
3372,0,1
3eb5,0,1
d71,0,1
28ba,0,1
2169,0,1
3ca6,0,1
2017,0,1
145e,0,1
13ca,0,1
2f8,0,1
11da,0,1
3b80,0,1
2ef0,0,1
364f,0,1
24d0,0,1
342a,0,1
38,0,1
106,0,1
19ba,0,1
1349,0,1
9bd,0,1
29bc,0,1
1603,0,1
1f9c,0,1
1a98,0,1
32f9,0,1
1df0,0,1
a1d,0,1
33de,0,1
33a6,0,1
2189,0,1
38a5,0,1
900,0,1
2d2e,0,1
1e38,0,1
2523,0,1
3f54,0,1
fb6,0,1
1ef3,0,1
3b9d,0,1
1ac6,0,1
8b0,0,1
587,0,1
20e3,0,1
bdd,0,1
20a7,0,1
1bd6,0,1
3120,0,1
2371,0,1
35ba,0,1
3cea,0,1
3bb8,0,1
659,0,1
