input_cfg_size,input_cfg_scheme,input_cfg_last
0000000000000000000000000000000000000000000000000001000100110010,00,1
0000000000000000000000000000000000000000000000000001000100110010,00,1
0000000000000000000000000000000000000000000000000001000100110010,00,1
0000000000000000000000000000000000000000000000000001000100110010,00,1
0000000000000000000000000000000000000000000000000001000100110010,00,1
0000000000000000000000000000000000000000000000000001000100110010,00,1
0000000000000000000000000000000000000000000000000001000100110010,00,1
0000000000000000000000000000000000000000000000000001000100110010,00,1
0000000000000000000000000000000000000000000000000001000100110010,00,1
